2014年06月26日00時13分24秒,1011,DBを利用することが出来ませんでした。
2014年06月26日00時15分21秒,1011,DBを利用することが出来ませんでした。
2014年06月26日00時15分25秒,1011,DBを利用することが出来ませんでした。
2014年06月26日00時15分51秒,1011,DBを利用することが出来ませんでした。
2014年06月26日00時16分49秒,1011,DBを利用することが出来ませんでした。
2014年06月26日00時18分13秒,1011,DBを利用することが出来ませんでした。
2014年06月26日00時18分15秒,1011,DBを利用することが出来ませんでした。
2014年06月26日00時18分21秒,1011,DBを利用することが出来ませんでした。
2014年06月26日00時18分27秒,1011,DBを利用することが出来ませんでした。
2014年06月26日00時19分17秒,1011,DBを利用することが出来ませんでした。
2014年06月26日00時19分35秒,1011,DBを利用することが出来ませんでした。
2014年06月26日00時20分10秒,1011,DBを利用することが出来ませんでした。
2014年06月26日00時20分40秒,1011,DBを利用することが出来ませんでした。
2014年06月26日00時21分43秒,1011,DBを利用することが出来ませんでした。
2014年06月26日00時28分20秒,1012,SQL文の実行が出来ませんでした。
2014年07月10日02時23分54秒,1012,SQL文の実行が出来ませんでした。
2014年07月10日02時25分05秒,1012,SQL文の実行が出来ませんでした。
2014年07月10日02時25分12秒,1012,SQL文の実行が出来ませんでした。
2014年07月10日02時27分27秒,1012,SQL文の実行が出来ませんでした。
2014年07月10日02時27分32秒,1012,SQL文の実行が出来ませんでした。
